"username","gender","dob","email"
"tylerdavidson","F","1974-07-06","payneamanda@example.com"
"david31","M","1990-03-26","richard41@example.net"
"anthonypatterson","M","1922-09-08","terry26@example.net"
"poncemark","M","1934-03-29","brandy32@example.net"
"iroberts","F","1943-12-29","michael14@example.net"
"scottrodriguez","F","1923-04-08","lle@example.com"
"parksbrett","F","1915-06-03","mcdanielangel@example.com"
"changchristopher","F","1981-07-22","joymosley@example.org"
"renee19","F","1988-07-23","jack44@example.org"
"howardkelsey","F","1970-01-25","delgadocarlos@example.org"
"steven93","M","1982-05-15","cgutierrez@example.org"
"nicoleedwards","M","1940-09-13","justin31@example.org"
"hornesarah","M","1965-07-29","fosterjoel@example.net"
"denise71","F","1906-02-19","gary66@example.com"
"courtney70","F","1996-01-11","albert99@example.org"
"jacobcooper","M","1950-12-24","burkedonald@example.org"
"evelynwilson","F","1918-02-08","david78@example.net"
"mitchellwendy","F","2007-04-10","randalljennifer@example.net"
"cindycarrillo","M","1935-06-21","yhiggins@example.org"
"martin44","M","1924-11-29","davisjames@example.org"
"lisa67","M","1918-12-13","shellygarner@example.net"
"craiggonzales","M","1956-08-03","matthewtyler@example.net"
"tara67","M","1948-08-15","princezachary@example.net"
"andrea17","F","1924-11-22","jacksonlinda@example.net"
"randy01","M","1924-07-19","lopezmichael@example.com"